Código;Descrição;Unidade;Valor unitário;Favorita
5000000658;ORD. ENTREG. P/POSTERIOR AJUST MEDIÇAO;UN;1;
5000000658;INST ATERRAMENTO COMPL 1HASTE LM;UN;226,79;
5000000658;INST COND COBERTO RDC 35-70MM2 LM;UN;9,97;
5000000658;INST COND COBERTO RDC 95-185MM2 LM;UN;14,06;
5000000658;RET COND COBERTO RDC 95-185MM2 LM;UN;8,22;
5000000658;RET COND COBERTO RDC 35-70MM2 LM;UN;6,06;
5000000658;INST ATERRAMENTO COMPL 3HASTES LM;UN;499,44;
5000000658;INST ATERRAMENTO COMPL 5-8HASTES LM;UN;801,33;
5000000658;INST 1HASTE ADICIONAL ATERRAMENTO LM;UN;117,81;
5000000658;INST FIO TERRA LM;UN;99,18;
5000000658;INST SECCION E ATERRAM CERCA LM;UN;262,99;
5000000658;RET SECCION E ATERRAM CERCA LM;UN;252,45;
5000000658;TRATAMENTO QUIMICO DE SOLO P/ ATERRAM LM;UN;278,45;
5000000658;MEDIR RESISTENCIA ATERRAMENTO LM;UN;270,38;
5000000658;INST CHAVE FUSIVEL RELIG LM;UN;931,43;
5000000658;RET CHAVE FUSIVEL RELIG LM;UN;568,17;
5000000658;INST ESTR CP CHAVE FUSIVEL RELIG 1/2F LM;UN;1680,18;
5000000658;RET ESTR CP CHAVE FUSIVEL RELIG 1/2F LM;UN;996,23;
5000000658;INST ESTR CP CHAVE FUSIVEL RELIG 3F LM;UN;2520,13;
5000000658;RET ESTR CP CHAVE FUSIVEL RELIG 3F LM;UN;1732,62;
5000000658;INST CHAVE FUSIVEL 15/25KV LM;UN;536,07;
5000000658;RET CHAVE FUSIVEL 15/25KV LM;UN;401,07;
5000000658;INST CHAVE FUSIVEL 34,5KV LM;UN;536,07;
5000000658;RET CHAVE FUSIVEL 34,6KV LM;UN;401,07;
5000000658;INST CHAVE FACA LM;UN;536,07;
5000000658;RET CHAVE FACA LM;UN;401,07;
5000000658;INST CHAVE SECCIONADORA A SECO 3F LM;UN;242,48;
5000000658;RET CHAVE SECCIONADORA A SECO 3F LM;UN;175,66;
5000000658;INST CHAVE BY-PASS LM;UN;847,73;
5000000658;RET CHAVE BY-PASS LM;UN;614,08;
5000000658;INST CHAVE A OLEO LM;UN;168,67;
5000000658;RET CHAVE A OLEO LM;UN;126,13;
5000000658;INST ELO FUSIVEL LM;UN;100,03;
5000000658;RET ELO FUSIVEL LM;UN;84,12;
5000000658;OPERAR CHAVE/GRAMPO LV LM;UN;145,48;
5000000658;INST SENSOR FALTA LM;UN;101,87;
5000000658;RET SENSOR FALTA LM;UN;71,51;
5000000658;INST ESTR CP SENSOR FALTA POSTE LM;UN;2168,76;
5000000658;RET ESTR CP SENSOR FALTA POSTE LM;UN;1355,84;
5000000658;INST RELIGADOR 1F POSTE LM;UN;1094,71;
5000000658;RET RELIGADOR 1F POSTE LM;UN;766,22;
5000000658;INST ESTR CP RELIGADOR 1F POSTE LM;UN;3165,94;
5000000658;RET ESTR CP RELIGADOR 1F POSTE LM;UN;2203,71;
5000000658;INST RELIGADOR DIST 1F BASE C LM;UN;207,43;
5000000658;RET RELIGADOR DIST 1F BASE C LM;UN;151,62;
5000000658;INST ESTR CP RELIG DIST 1F BASE C 1F LM;UN;559,42;
5000000658;RET ESTR CP RELIG DIST 1F BASE C 1F LM;UN;447,51;
5000000658;INST RELIGADOR/SECCIONADOR 3F LM;UN;2467,83;
5000000658;RET RELIGADOR/SECCIONADOR 3F LM;UN;1637,86;
5000000658;INST ESTR CP RELIGADOR/SECCIONADOR 3F LM;UN;8918,65;
5000000658;RET ESTR CP RELIGADOR/SECCIONADOR 3F LM;UN;5584,51;
5000000658;INST REGULADOR TENSAO POSTE/PLATAF LM;UN;3481,84;
5000000658;RET REGULADOR TENSAO POSTE/PLATAF LM;UN;1921,17;
5000000658;INST ESTR CP BCO REGULADOR PLATAFORMA LM;UN;11111,75;
5000000658;RET ESTR CP BCO REGULADOR PLATAFORMA LM;UN;5828,73;
5000000658;INST ESTR CP BCO REGULADOR POSTE LM;UN;7940,77;
5000000658;INST CELULAR CAPACITOR LM;UN;617,71;
5000000658;RET CELULAR CAPACITOR LM;UN;324,98;
5000000658;INST ESTR CP BCO CAPACITOR FIXO LM;UN;6042,35;
5000000658;RET ESTR CP BCO CAPACITOR FIXO LM;UN;1904,62;
5000000658;INST ESTR CP BCO CAPACITOR AUTOMATICO LM;UN;5403,03;
5000000658;RET ESTR CP BCO CAPACITOR AUTOMATICO LM;UN;1726,09;
5000000658;INST REATOR POSTE/PLATAF LM;UN;2830,64;
5000000658;RET REATOR POSTE/PLATAF LM;UN;1561,85;
5000000658;INST ESTR CP BCO REATOR DERIVACAO LM;UN;15304,66;
5000000658;RET ESTR CP BCO REATOR DERIVACAO LM;UN;10713,92;
5000000658;INST EQUIP MEDICAO TENSAO/CORRENTE LM;UN;178,39;
5000000658;RET EQUIP MEDICAO TENSAO/CORRENTE LM;UN;117,4;
5000000658;INST TRAFO DT POSTE/PLATAF 1/2F LM;UN;1328,52;
5000000658;RET TRAFO DT POSTE/PLATAF 1/2F LM;UN;1062,47;
5000000658;INST TRAFO DT POSTE/PLATAF 3F LM;UN;1807,41;
5000000658;RET TRAFO DT POSTE/PLATAF 3F LM;UN;1807,41;
5000000658;INST ESTR CP TRAFO DT 1F FN LM;UN;2162,89;
5000000658;RET ESTR CP TRAFO DT 1F FN LM;UN;1771,2;
5000000658;INST ESTR CP TRAFO DT 2F FF LM;UN;2602,55;
5000000658;RET ESTR CP TRAFO DT 2F FF LM;UN;2036,77;
5000000658;INST ESTR CP TRAFO DT 3F LM;UN;3638,34;
5000000658;RET ESTR CP TRAFO DT 3F LM;UN;2546,81;
5000000658;INST ESTR CP TRAFO DT PLATAFORMA LM;UN;3963,17;
5000000658;RET ESTR CP TRAFO DT PLATAFORMA LM;UN;2578,74;
5000000658;INST TRAFO DT C/ TALHA MANUAL LM;UN;2480,57;
5000000658;RET TRAFO DT C/ TALHA MANUAL LM;UN;1488,31;
5000000658;INST LIGACAO TRAFO NA REDE SECUNDARIA LM;UN;236,95;
5000000658;RET LIGACAO TRAFO NA REDE SECUNDARIA LM;UN;148,72;
5000000658;ALTERAR TAP EXTERNO TRAFO LM;UN;503,05;
5000000658;INST TRANSFORMADOR POTENCIAL (TP) LM;UN;837,72;
5000000658;RET TRANSFORMADOR POTENCIAL (TP) LM;UN;633,92;
5000000658;INST MEDICAO FISCAL TRAFO LM;UN;378,63;
5000000658;RET MEDICAO FISCAL TRAFO LM;UN;272,12;
5000000658;INST POSTE CONCRETO ATE 14M LM;UN;2128,43;
5000000658;RET POSTE CONCRETO ATE 14M LM;UN;841,84;
5000000658;INST POSTE CONCRETO 15 A 22M LM;UN;3159,47;
5000000658;RET POSTE CONCRETO 15 A 22M LM;UN;1648,42;
5000000658;INST POSTE CONCRETO MAIOR/IGUAL 23M LM;UN;4054,3;
5000000658;RET POSTE CONCRETO MAIOR/IGUAL 23M LM;UN;1888,92;
5000000658;INST POSTE DE FIBRA 7 A 19M LM;UN;1419,55;
5000000658;RET POSTE DE FIBRA 7 A 19M LM;UN;723,82;
5000000658;INST POSTE DE FIBRA MAIOR/IGUAL 20M LM;UN;2693,88;
5000000658;RET POSTE DE FIBRA MAIOR/IGUAL 20M LM;UN;1284,43;
5000000658;RET POSTE DE MADEIRA LM;UN;723,82;
5000000658;INST POSTE MET QUAD 5 OU 7M PADRAO LM;UN;327,56;
5000000658;RET POSTE MET QUAD 5 OU 7M PADRAO LM;UN;196,52;
5000000658;INST POSTE MET QUAD 7M RD LM;UN;1145,07;
5000000658;RET POSTE MET QUAD 7M RD LM;UN;196,52;
5000000658;ADICIONAL RETIRAR POSTE BASE CONCRETO LM;UN;410,6;
5000000658;ADICIONAL EXEC MAN ATIV EQUIP/POSTE LM;UN;1037,38;
5000000658;APRUMAR POSTE CONC/FIBRA LM;UN;787,51;
5000000658;RESTAURAR PASSEIO SIMPLES CIMENTADO LM;UN;674,43;
5000000658;RESTAURAR PASSEIO ESPECIAL PEDRA PORT LM;UN;974,48;
5000000658;ABRIR CAVA ROCHA C/ EQUIPAMENTO ESPEC LM;UN;1993,26;
5000000658;ABRIR CAVA ROCHA C/ EXPLOSIVO LM;UN;2926,27;
5000000658;BASE CONCRETO 1CAMADA PARA POSTE LM;UN;1218,76;
5000000658;BASE CONCRETO 2CAMADAS PARA POSTE LM;UN;1748,97;
5000000658;BASE CONCRETO C/ MANILHA PARA POSTE LM;UN;2081,1;
5000000658;BASE COM BRITA LM;UN;970,81;
5000000658;INST ESTAI ANCORA LM;UN;1110,58;
5000000658;RET ESTAI ANCORA LM;UN;629,94;
5000000658;INST ESTAI SUBSOLO BASE REFORCADA LM;UN;1240,21;
5000000658;INST ESTAI AEREO LM;UN;783,55;
5000000658;RET ESTAI AEREO LM;UN;501,62;
5000000658;TENSIONAR ESTAI LM;UN;91,38;
5000000658;INST PLACA IDENTIFICACAO COMPONENTE LM;UN;97,29;
5000000658;RETIRAR ABELHAS E INSETOS LM;UN;787,51;
5000000658;PINTAR NUMERACAO POSTE LM;UN;77,29;
5000000658;ARRASTAR POSTE/MATERIAL MANUAL LM;UN;1056,16;
5000000658;DEMARCAR POSTE LM;UN;116,18;
5000000658;LIMPAR/ACEIRAR AO REDOR POSTE/ESTAI LM;UN;70,66;
5000000658;INST COND NU COBRE > 50MM² LM;UN;8,59;
5000000658;RET COND NU COBRE > 50MM² LM;UN;4,88;
5000000658;INST COND NU COBRE <= 50MM² LM;UN;6,85;
5000000658;RET COND NU COBRE <= 50MM² LM;UN;3,32;
5000000658;INST COND NU ALUMINIO > 1/0 LM;UN;10,74;
5000000658;RET COND NU ALUMINIO > 1/0 LM;UN;4,11;
5000000658;INST COND NU ALUMINIO <= 1/0 LM;UN;8,42;
5000000658;RET COND NU ALUMINIO <= 1/0 SRD;UN;0,76;
5000000658;INST EMENDA COND NU AL/CU LM;UN;161,22;
5000000658;TENSIONAR COND NU COBRE > 50MM² LM;UN;387,45;
5000000658;TENSIONAR COND NU COBRE <= 50MM² LM;UN;310,45;
5000000658;TENSIONAR COND NU ALUMINIO > 1/0 LM;UN;475,36;
5000000658;TENSIONAR COND NU ALUMINIO <= 1/0 LM;UN;340,36;
5000000658;INST CONECTOR EM CONDUTOR LM;UN;87,2;
5000000658;RET CONECTOR EM CONDUTOR LM;UN;125,97;
5000000658;INST JUMPER EM CONDUTOR LM;UN;108,26;
5000000658;RET JUMPER EM CONDUTOR LM;UN;64,71;
5000000658;INST PASSAGEM DE NEUTRO LM;UN;502,24;
5000000658;RET PASSAGEM DE NEUTRO LM;UN;289,72;
5000000658;INST AMARRACAO COND NU/MULTIP/PROTEG LM;UN;294,33;
5000000658;INST FLY TAP/CRUZAM AEREO COND NU LM;UN;187,05;
5000000658;RET FLY TAP /CRUZAM AEREO COND NU LM;UN;112,96;
5000000658;ATEND EMERG ESPACADOR/AFAST REDE PRI/SEC;UN;86,07;
5000000658;RET ESPACADOR/AFASTADOR REDE PRI/SEC LM;UN;51,31;
5000000658;INST ESFERA SINALIZACAO RD LM;UN;410,13;
5000000658;RET ESFERA DE SINALIZACAO RD LM;UN;220,47;
5000000658;RETIRAR OBJETO ESTRANHO REDE LM;UN;112,64;
5000000658;INST ESTRIBO OU GRAMPO LINHA VIVA RD LM;UN;110,2;
5000000658;RET ESTRIBO OU GRAMPO LINHA VIVA RD LM;UN;38,71;
5000000658;INST MUFLA RD CONDUTOR LM;UN;342,37;
5000000658;RET MUFLA RD CONDUTOR LM;UN;256,8;
5000000658;VERIFICAR SEQUENCIA DE FASE(BT OU MT) LM;UN;236,32;
5000000658;INST ESTRUTURA SECUNDARIA LM;UN;285,92;
5000000658;RET ESTRUTURA SECUNDARIA LM;UN;285,92;
5000000658;INST ESTRUT SECUNDARIA CRUZETA BT LM;UN;756,08;
5000000658;RET ESTRUT SECUNDARIA CRUZETA BT LM;UN;385,5;
5000000658;INST ESTR PRI 2/3F SUS/PAS SP CRUZ SP LM;UN;788,64;
5000000658;RET ESTR PRI 2/3F SUS/PAS SP CRUZ SP LM;UN;591,36;
5000000658;INST ESTR PRI 2/3F SUS/PAS DP CRUZ DP LM;UN;328,79;
5000000658;RET ESTR PRI 2/3F SUS/PAS DP CRUZ DP LM;UN;246,59;
5000000658;INST ESTR PRI 2/3F ANC/AMA SP CRUZ DP LM;UN;1293,25;
5000000658;RET ESTR PRI 2/3F ANC/AMA SP CRUZ DP LM;UN;905,29;
5000000658;INST ESTR PRI 2/3F ANC/AMA DP CRUZ DP LM;UN;1839,66;
5000000658;RET ESTR PRI 2/3F ANC/AMA DP CRUZ DP LM;UN;1287,71;
5000000658;RET ESTR PRI 1F SUSP/PAS SP S/CRUZ LM;UN;238,26;
5000000658;INST ESTR PRI 1F SUSP/PAS DP S/CRUZ LM;UN;440,93;
5000000658;RET ESTR PRI 1F SUSP/PAS DP S/CRUZ LM;UN;301,8;
5000000658;INST ESTR PRI 1F ANC/AMA SP S/CRUZ LM;UN;504,78;
5000000658;RET ESTR PRI 1F ANC/AMA SP S/CRUZ LM;UN;349,45;
5000000658;INST ESTR PRI 1F ANC/AMA DP S/CRUZ LM;UN;634,73;
5000000658;RET ESTR PRI 1F ANC/AMA DP S/CRUZ LM;UN;428,86;
5000000658;INST ESTR PRI 2/3F SUS/PAS SP S/CRUZ LM;UN;572,78;
5000000658;RET ESTR PRI 2/3F SUS/PAS SP S/CRUZ LM;UN;302,26;
5000000658;INST ESTR PRI 2/3F ANC/AMA SP S/CRUZ LM;UN;823,89;
5000000658;RET ESTR PRI 2/3F ANC/AMA SP S/CRUZ LM;UN;418,23;
5000000658;INST ESTR PRI 2/3F ANC/AMA DP S/CRUZ LM;UN;1105,2;
5000000658;RET ESTR PRI 2/3F ANC/AMA DP S/CRUZ LM;UN;552,27;
5000000658;INST ESTR PRI 3F ANC/AMA CRUZ DP HT LM;UN;1988,48;
5000000658;RET ESTR PRI 3F ANC/AMA CRUZ DP HT LM;UN;1543,58;
5000000658;INST ESTR PRI 3F ANC/AMA S/CRUZ HTE LM;UN;1786,13;
5000000658;RET ESTR PRI 3F ANC/AMA S/CRUZ HTE LM;UN;1389,04;
5000000658;NIVELAR CRUZETA LM;UN;177,3;
5000000658;INST ISOLADOR ROLDANA LM;UN;81,79;
5000000658;RET ISOLADOR ROLDANA LM;UN;81,79;
5000000658;INST ISOLADOR PINO/PILAR LM;UN;365,34;
5000000658;RET ISOLADOR PINO/PILAR LM;UN;365,34;
5000000658;INST ISOLAD DISCO/ANCORAGEM LM;UN;401,7;
5000000658;RET ISOLAD DISCO/ANCORAGEM LM;UN;253,04;
5000000658;INST PARA-RAIOS BT LM;UN;125,32;
5000000658;RET PARA-RAIOS BT LM;UN;86,15;
5000000658;INST PARA-RAIOS MT LM;UN;163,49;
5000000658;RET PARA-RAIOS MT LM;UN;101,38;
5000000658;INST ESTR CP PARA-RAIOS MT LM;UN;1152,53;
5000000658;RET ESTR CP PARA-RAIOS MT LM;UN;631,22;
5000000658;INST COND 2PLEX BT 1X10(10)-1X35(35) LM;UN;19,74;
5000000658;RET COND 2PLEX BT 1X10(10)-1X35(35) LM;UN;7,43;
5000000658;INST COND 3PLEX BT 2X10(10)-2X35(35) LM;UN;26,77;
5000000658;RET COND 3PLEX BT 2X10(10)-2X35(35) LM;UN;7,43;
5000000658;INST COND 4PLEX BT 3X10(10)-3X120(70)SRD;UN;10,74;
5000000658;RET COND 4PLEX BT 3X10(10)-3X120(70) LM;UN;7,43;
5000000658;"INST COND ISOL MT ATE 3X185MM²+3/8"" LM";UN;37,91;
5000000658;"RET COND ISOL MT ATE 3X185MM²+3/8"" LM";UN;6,85;
5000000658;INST COND ISOL BT <= 1X25MM² POST MET LM;UN;4,5;
5000000658;RET COND ISOL BT <= 1X25MM² POST MET LM;UN;1,4;
5000000658;INST COND ISOL BT <= 2X25MM² POST MET LM;UN;5,24;
5000000658;RET COND ISOL BT <= 2X25MM² POST MET LM;UN;1,5;
5000000658;INST EMENDA COND MULTIPLEXADO LM;UN;161,22;
5000000658;TENSIONAR COND MULTIPLEXADO LM;UN;560,14;
5000000658;INST ESTR PRI RDC PASSANTE SIMPLES LM;UN;726,53;
5000000658;RET ESTR PRI RDC PASSANTE SIMPLES LM;UN;421,86;
5000000658;INST ESTR PRI RDC ANCORAGEM SIMPLES LM;UN;894,57;
5000000658;RET ESTR PRI RDC ANCORAGEM SIMPLES LM;UN;601,04;
5000000658;INST ESTR PRI RDC ANCORAGEM DUPLA LM;UN;1105,67;
5000000658;RET ESTR PRI RDC ANCORAGEM DUPLA LM;UN;682,37;
5000000658;INST ESTR PRI RDC N3S-CE LM;UN;1373,64;
5000000658;RET ESTR PRI RDC N3S-CE LM;UN;790,7;
5000000658;INST ESTR PRI RDC N3S-CE-PR LM;UN;1610,29;
5000000658;RET ESTR PRI RDC N3S-CE-PR LM;UN;837,38;
5000000658;INST ESTR PRI RDC DN-CE LM;UN;1259,27;
5000000658;RET ESTR PRI RDC DN-CE LM;UN;723,99;
5000000658;INST ESTR PRI RDC CE-DS/TS LM;UN;2016,76;
5000000658;RET ESTR PRI RDC CE-DS/TS LM;UN;1266,25;
5000000658;INST ESTR PRI RDC NS/BS (PR, CF, SU) LM;UN;869,64;
5000000658;RET ESTR PRI RDC NS/BS (PR, CF, SU) LM;UN;664,27;
5000000658;INST CABO MENSAGEIRO RDC LM;UN;9,78;
5000000658;RET CABO MENSAGEIRO RDC LM;UN;1,89;
5000000658;TENSIONAR COND MESAGEIRO RDC LM;UN;457,58;
5000000658;TENSIONAR COND PROTEGIDO RDC LM;UN;457,58;
5000000658;INST ESPACADOR LOSANGULAR RDC LM;UN;68,43;
5000000658;RET ESPACADOR LOSANGULAR RDC LM;UN;51,31;
5000000658;INST CONEX OU EMENDA DE CABO RDC LM;UN;161,22;
5000000658;INST DEFENSA CONC POSTE RETANG LM;UN;976,99;
5000000658;INST DEFENSA CONC MANILHA INT 120CM LM;UN;1174,62;
5000000658;INST DEFENSA CONC MANILH BIPART 120CM LM;UN;1174,62;
5000000658;INST DEFENSA MET TIPO GUARD RAIL RD;UN;3403,75;
5000000658;INST CONJ MEDICAO ENCAPSULADO LM;UN;1328,52;
5000000658;RET CONJ MEDICAO ENCAPSULADO LM;UN;1062,47;
5000000658;INST MEDIDOR ELETRONICO LM;UN;118,15;
5000000658;RET MEDIDOR ELETRONICO LM;UN;82,71;
5000000658;INST RAMAL DE CONEXAO CONC/MULTIPLEX SRD;UN;136,96;
5000000658;RET RAMAL DE CONEXAO CONC/MULTIPLEX SRD;UN;95,86;
5000000658;INST KIT INSTALAC INTERNA RESIDENCIAL LM;UN;461,62;
5000000658;INST CAIXA MEDICAO/PROTECAO NO POSTE LM;UN;156,21;
5000000658;RET CAIXA MEDICAO/PROTECAO NO POSTE LM;UN;109,35;
5000000658;INST CAIXA MEDICAO C/ SIST CP PAREDE LM;UN;269,98;
5000000658;RET CAIXA MEDICAO C/ SIST CP PAREDE LM;UN;188,99;
5000000658;INST PADRAO ENTRADA COMPLETO LM;UN;269,98;
5000000658;INST PADRAO ENTRADA PARCIAL LM;UN;156,21;
5000000658;INST CONEXAO RAMAL DE CONEXAO SRD;UN;20,79;
5000000658;RET CONEXAO RAMAL DE CONEXAO SRD;UN;15,57;
5000000658;TENSIONAR RAMAL DE CONEXAO LM;UN;45,08;
5000000658;INST ILUMINACAO PUBLICA LM;UN;598,01;
5000000658;RET ILUMINACAO PUBLICA LM;UN;283,53;
5000000658;INST CONEXAO ILUMINACAO PUBLICA LM;UN;104,57;
5000000658;RET CONEXAO ILUMINACAO PUBLICA LM;UN;65,98;
5000000658;INST/RET BIG JUMPER LM;UN;7815,13;
5000000658;GUARDA DE CONDUTOR BIG JUMPER LM;UN;1363,11;
5000000658;RET ESTR CP BCO REGULADOR POSTE LM;UN;3689,49;
5000000658;INST ESTR PRI 1F SUSP/PAS SP S/CRUZ LM;UN;324,2;
5000000658;INST CHAVE FUSIVEL 15/25KV LV;UN;388,62;
5000000658;RET CHAVE FUSIVEL 15/25KV LV;UN;345,72;
5000000658;INST CHAVE FUSIVEL 34,5KV LV;UN;388,62;
5000000658;RET CHAVE FUSIVEL 34,5KV LV;UN;345,72;
5000000658;INST CHAVE FACA LV;UN;388,62;
5000000658;RET CHAVE FACA LV;UN;345,72;
5000000658;TURMA LV INST CHAVE SECCION A SECO 3F LV;UN;609,03;
5000000658;TURMA LV RET CHAVE SECCION A SECO 3F LV;UN;390,76;
5000000658;INST CHAVE FUSIVEL RELIG LV;UN;609,03;
5000000658;RET CHAVE FUSIVEL RELIG LV;UN;390,76;
5000000658;INST ESTR CP CHAVE FUSIVEL RELIG 1F LV;UN;1461,45;
5000000658;RET ESTR CP CHAVE FUSIVEL RELIG 1F LV;UN;1023,07;
5000000658;INST ESTR CP CHAVE FUSIVEL RELIG 2/3F LV;UN;2216,1;
5000000658;RET ESTR CP CHAVE FUSIVEL RELIG 2/3F LV;UN;1469,28;
5000000658;INST CHAVE BY-PASS LV;UN;609,03;
5000000658;RET CHAVE BY-PASS LV;UN;390,76;
5000000658;INST SENSOR FALTA LV;UN;150,6;
5000000658;RET SENSOR FALTA LV;UN;105,99;
5000000658;INST ESTR CP SENSOR FALTA POSTE LV;UN;2076,21;
5000000658;RET ESTR CP SENSOR FALTA POSTE LV;UN;1297,83;
5000000658;INST RELIGADOR 1F POSTE LV;UN;1040,04;
5000000658;RET RELIGADOR 1F POSTE LV;UN;798,15;
5000000658;INST ESTR CP RELIGADOR 1F POSTE LV;UN;2385,1;
5000000658;RET ESTR CP RELIGADOR 1F POSTE LV;UN;1739,69;
5000000658;INST RELIGADOR DIST 1F BASE C LV;UN;705,87;
5000000658;RET RELIGADOR DIST 1F BASE C LV;UN;591,29;
5000000658;INST ESTR CP RELIG DIST 1F BASE C 1F LV;UN;1428,54;
5000000658;RET ESTR CP RELIG DIST 1F BASE C 1F LV;UN;1198,91;
5000000658;TURMA LV INST RELIGADOR/SECCIONAD 3F LV;UN;1665,53;
5000000658;TURMA LV RET RELIGADOR/SECCIONAD 3F LV;UN;1295,38;
5000000658;INST ESTR CP RELIGADOR/SECCIONADOR 3F LV;UN;2520,32;
5000000658;RET ESTR CP RELIGADOR/SECCIONADOR 3F LV;UN;1974,68;
5000000658;INST ESTR CP BCO REGULADOR POSTE LV;UN;3397,99;
5000000658;TURMA LV INST TRAFO DT LV;UN;838,19;
5000000658;TURMA LV RET TRAFO DT LV;UN;642,81;
5000000658;INST TRANSFORMADOR POTENCIAL (TP) LV;UN;482,5;
5000000658;RET TRANSFORMADOR POTENCIAL (TP) LV;UN;300,08;
5000000658;TURMA LV INST POSTE RELIGADOR/SECION LV;UN;1295,38;
5000000658;TURMA LV RET POSTE RELIGADOR/SECION LV;UN;1110,36;
5000000658;TURMA LV INST POSTE CHAVE SEC SECO 3F LV;UN;1295,38;
5000000658;TURMA LV RET POSTE CHAVE SEC SECO 3F LV;UN;1110,36;
5000000658;TURMA LV INST POSTE REGULADOR TENSAO LV;UN;1295,38;
5000000658;TURMA LV RET POSTE REGULADOR TENSAO LV;UN;1110,36;
5000000658;TURMA LV INST POSTE BCO CAPACITOR LV;UN;1295,38;
5000000658;TURMA LV RET POSTE BCO CAPACITOR LV;UN;1110,36;
5000000658;TURMA LV INST POSTE TRAFO LV;UN;1295,38;
5000000658;TURMA LV RET POSTE TRAFO LV;UN;1110,36;
5000000658;INST ESTAI AEREO LV;UN;555,18;
5000000658;RET ESTAI AEREO LV;UN;366,42;
5000000658;TENSIONAR ESTAI LV;UN;456,55;
5000000658;APRUMAR POSTE CONC/FIBRA LV;UN;600,25;
5000000658;INST COND NU COBRE > 50MM² LV;UN;9,14;
5000000658;RET COND NU COBRE > 50MM² LV;UN;5,8;
5000000658;INST COND NU COBRE <= 50MM² LV;UN;9,32;
5000000658;RET COND NU COBRE <= 50MM² LV;UN;3,93;
5000000658;INST COND NU ALUMINIO > 1/0 LV;UN;12,69;
5000000658;RET COND NU ALUMINIO > 1/0 LV;UN;8,96;
5000000658;INST COND NU ALUMINIO <= 1/0 LV;UN;9,32;
5000000658;RET COND NU ALUMINIO <= 1/0 LV;UN;7,28;
5000000658;TENSIONAR COND NU ALUMINIO/COBRE LV;UN;340,87;
5000000658;INST EMENDA COND NU AL/CU LV;UN;370,15;
5000000658;INST CONECTOR EM CONDUTOR LV;UN;276,85;
5000000658;RET CONECTOR EM CONDUTOR LV;UN;175,15;
5000000658;INST JUMPER EM CONDUTOR LV;UN;443,39;
5000000658;RET JUMPER EM CONDUTOR LV;UN;310,35;
5000000658;INST PASSAGEM DE NEUTRO LV;UN;550,71;
5000000658;RET PASSAGEM DE NEUTRO LV;UN;385,45;
5000000658;INST AMARRACAO COND NU/MULTIP/PROTEG LV;UN;324,04;
5000000658;INST FLY TAP/CRUZAM AEREO COND NU LV;UN;522,71;
5000000658;RET FLY TAP /CRUZAM AEREO COND NU LV;UN;336,11;
5000000658;INST ESPACADOR/AFASTADOR REDE PRI/SEC LV;UN;160,28;
5000000658;RET ESPACADOR/AFASTADOR REDE PRI/SEC LV;UN;110,61;
5000000658;INST ESTRIBO OU GRAMPO LINHA VIVA RD LV;UN;276,85;
5000000658;RET ESTRIBO OU GRAMPO LINHA VIVA RD LV;UN;175,15;
5000000658;RETIRAR OBJETO ESTRANHO REDE LV;UN;278,71;
5000000658;INST MUFLA RD CONDUTOR LV;UN;781,26;
5000000658;RET MUFLA RD CONDUTOR LV;UN;546,89;
5000000658;INST ESTR PRI 2/3F SUS/PAS SP CRUZ SP LV;UN;634,69;
5000000658;RET ESTR PRI 2/3F SUS/PAS SP CRUZ SP LV;UN;408,04;
5000000658;INST ESTR PRI 2/3F SUS/PAS DP CRUZ DP LV;UN;1136,65;
5000000658;RET ESTR PRI 2/3F SUS/PAS DP CRUZ DP LV;UN;730,66;
5000000658;INST ESTR PRI 2/3F ANC/AMA SP CRUZ DP LV;UN;971,53;
5000000658;RET ESTR PRI 2/3F ANC/AMA SP CRUZ DP LV;UN;624,5;
5000000658;INST ESTR PRI 2/3F ANC/AMA DP CRUZ DP LV;UN;1623,8;
5000000658;RET ESTR PRI 2/3F ANC/AMA DP CRUZ DP LV;UN;1043,88;
5000000658;RET ESTR PRI 1F SUSP/PAS SP S/CRUZ LV;UN;122,44;
5000000658;INST ESTR PRI 1F SUSP/PAS DP S/CRUZ LV;UN;271,98;
5000000658;RET ESTR PRI 1F SUSP/PAS DP S/CRUZ LV;UN;174,86;
5000000658;INST ESTR PRI 1F ANC/AMA SP S/CRUZ LV;UN;252,58;
5000000658;RET ESTR PRI 1F ANC/AMA SP S/CRUZ LV;UN;162,45;
5000000658;INST ESTR PRI 1F ANC/AMA DP S/CRUZ LV;UN;388,53;
5000000658;RET ESTR PRI 1F ANC/AMA DP S/CRUZ LV;UN;249,77;
5000000658;INST ESTR PRI 2/3F SUS/PAS SP S/CRUZ LV;UN;445,36;
5000000658;RET ESTR PRI 2/3F SUS/PAS SP S/CRUZ LV;UN;286,27;
5000000658;INST ESTR PRI 2/3F ANC/AMA SP S/CRUZ LV;UN;636,28;
5000000658;RET ESTR PRI 2/3F ANC/AMA SP S/CRUZ LV;UN;408,97;
5000000658;INST ESTR PRI 2/3F ANC/AMA DP S/CRUZ LV;UN;1139,34;
5000000658;RET ESTR PRI 2/3F ANC/AMA DP S/CRUZ LV;UN;732,42;
5000000658;INST ESTR PRI 3F ANC/AMA CRUZ DP HT LV;UN;2087,79;
5000000658;RET ESTR PRI 3F ANC/AMA CRUZ DP HT LV;UN;1623,8;
5000000658;INST ESTR PRI 3F ANC/AMA S/CRUZ HTE LV;UN;1879,01;
5000000658;RET ESTR PRI 3F ANC/AMA HTE LV;UN;1461,34;
5000000658;TRANSF ESTR PRIM N2,B2,M2 P/ N4,B4,M4 LV;UN;858,62;
5000000658;TRANSF ESTR PRIM N3,B3,M3 P/ N4,B4,M4 LV;UN;613,01;
5000000658;TURMA LV INST POSTE ESTRUT PRIMARIA LV;UN;1295,38;
5000000658;TURMA LV RET POSTE ESTRUT PRIMARIA LV;UN;1110,36;
5000000658;NIVELAR CRUZETA LV;UN;539,61;
5000000658;INST MAO FRANCESA LV;UN;215,83;
5000000658;RET MAO FRANCESA LV;UN;151,1;
5000000658;REBAIXAR CRUZ 2/3F SUS/PAS SP CRUZ SP LV;UN;954,69;
5000000658;REBAIXAR CRUZ 2/3F SUS/PAS DP CRUZ DP LV;UN;1363,98;
5000000658;REBAIXAR CRUZ 2/3F ANC/AMA SP CRUZ DP LV;UN;1461,38;
5000000658;REBAIXAR CRUZ 2/3F ANC/AMA DP CRUZ DP LV;UN;1948,54;
5000000658;INST ISOLADOR PINO/PILAR LV;UN;332,18;
5000000658;RET ISOLADOR PINO/PILAR LV;UN;222,09;
5000000658;INST ISOLAD DISCO/ANCORAGEM LV;UN;370,63;
5000000658;RET ISOLAD DISCO/ANCORAGEM LV;UN;259,86;
5000000658;INST PARA-RAIOS MT LV;UN;398,89;
5000000658;RET PARA-RAIOS MT LV;UN;250,34;
5000000658;INST ESTR PRI RDC PASSANTE SIMPLES LV;UN;494,07;
5000000658;RET ESTR PRI RDC PASSANTE SIMPLES LV;UN;387,78;
5000000658;INST ESTR PRI RDC ANCORAGEM SIMPLES LV;UN;834,18;
5000000658;RET ESTR PRI RDC ANCORAGEM SIMPLES LV;UN;618,03;
5000000658;INST ESTR PRI RDC ANCORAGEM DUPLA LV;UN;989,73;
5000000658;RET ESTR PRI RDC ANCORAGEM DUPLA LV;UN;677,92;
5000000658;INST ESTR PRI RDC N3S-CE LV;UN;1186,94;
5000000658;RET ESTR PRI RDC N3S-CE LV;UN;757,7;
5000000658;INST ESTR PRI RDC N3S-CE-PR LV;UN;1361,21;
5000000658;RET ESTR PRI RDC N3S-CE-PR LV;UN;792,06;
5000000658;INST ESTR PRI RDC DN-CE LV;UN;879,7;
5000000658;RET ESTR PRI RDC DN-CE LV;UN;565,27;
5000000658;INST ESTR PRI RDC CE-DS/TS LV;UN;1324,7;
5000000658;RET ESTR PRI RDC CE-DS/TS LV;UN;883,82;
5000000658;INST ESTR PRI RDC NS/BS (PR, CF, SU) LV;UN;815,82;
5000000658;RET ESTR PRI RDC NS/BS (PR, CF, SU) LV;UN;664,58;
5000000658;INST COND COBERTO RDC 35-70 MM2 LV;UN;11,39;
5000000658;RET COND COBERTO RDC 35-70 MM2 LV;UN;7,28;
5000000658;INST COND COBERTO RDC 95-185 MM2 LV;UN;14,76;
5000000658;RET COND COBERTO RDC 95-185 MM2 LV;UN;8,96;
5000000658;INST CABO MENSAGEIRO RDC LV;UN;11;
5000000658;RET CABO MENSAGEIRO RDC LV;UN;4,11;
5000000658;TENSIONAR COND MENSAGEIRO RDC LV;UN;311,84;
5000000658;TENSIONAR COND PROTEGIDO RDC LV;UN;311,84;
5000000658;INST ESPACADOR LOSANGULAR RDC LV;UN;158,06;
5000000658;RET ESPACADOR LOSANGULAR RDC LV;UN;112,2;
5000000658;INST/RET BIG JUMPER LV;UN;4665,38;
5000000658;TURMA LV ATE 36,2KV 3H CESTO SP EM DISP;UN;651,1;
5000000658;TURMA LV ATE 36,2KV 4H CESTO DP EM DISP;UN;816,17;
5000000658;ELIMINAR RAMA TREPADEIRA TRP PO LM;UN;30,89;
5000000658;ELIMINAR ARV GRANDE PORTE 2GS PO LM;UN;370,69;
5000000658;ELIMINAR ARV MEDIO PORTE 2MS PO LM;UN;185,33;
5000000658;ELIMINAR ARV PEQUENO PORTE 2PS PO LM;UN;92,68;
5000000658;PODA ARV GRANDE PT >=12M LAT 2GL PO LM;UN;308,91;
5000000658;PODA ARV MEDIO PT >6<12M ELEV 2ME PO LM;UN;216,25;
5000000658;PODA ARV MEDIO PT >6<12M LATER 2ML PO LM;UN;247,12;
5000000658;PODA ARV MEDIO PT>6<12M REBAIX 2MR PO LM;UN;265,66;
5000000658;PODA ARV PEQ PT <=6M LATER 2PL PO LM;UN;154,45;
5000000658;PODA ARV PEQ PT <=6M REBAIX 2PR PO LM;UN;203,88;
5000000658;PODA ARV>6<12M REDE BT CENTRAL 2MC PO LM;UN;796,97;
5000000658;PODA ARV <6M REDE BT CENTRAL 2PC PO LM;UN;308,91;
5000000658;PODA GRAM>6<12M REDE MT REBAIX 3MR PO LM;UN;92,68;
5000000658;PODA PALMEIRA<6M REDE BT LATER 1PL PO LV;UN;122,21;
5000000658;PODA PALMEIRA>6<12M RED MT LAT 1ML PO LM;UN;111,21;
5000000658;PODA PALMEIRA<6M REDE BT LATER 1PL PO LM;UN;105,02;
5000000658;PODA GRAMINEA >12M REDE MT LAT 3GL PO LM;UN;49,42;
5000000658;PODA PALMEIRA >12M REDE MT LAT 1GL PO LM;UN;117,38;
5000000658;PODA ARV GRANDE PT >=12M ELEV 2GE PO LM;UN;370,69;
5000000658;PODA ARV BAMBU CORTE REBAIX BAM PO LM;UN;111,21;
5000000658;SERV CAMINHAO RECOLHE TRITURADOR/PODA;UN;431,05;
5000000658;SERV CAMINHAO RECOLHE S/ TRITURADOR/PODA;UN;431,05;
5000000658;TURMA PODA LEVE 3H DISPONIBILIDADE PO LM;UN;431,1;
5000000658;ELIMINAR RAMA TREPADEIRA TRP PO LV;UN;35,94;
5000000658;ELIMINAR ARV GRANDE PORTE 2GS PO LV;UN;488,85;
5000000658;ELIMINAR ARV MEDIO PORTE 2MS PO LV;UN;244,43;
5000000658;ELIMINAR ARV PEQUENO PORTE 2PS PO LV;UN;107,84;
5000000658;PODA ARV GRANDE PT >=12M LAT 2GL PO LV;UN;402,59;
5000000658;PODA ARV MEDIO PT >6<12M ELEV 2ME PO LV;UN;280,37;
5000000658;PODA ARV MEDIO PT >6<12M LATER 2ML PO LV;UN;316,32;
5000000658;PODA ARV MEDIO PT>6<12M REBAIX 2MR PO LV;UN;352,26;
5000000658;PODA ARV PEQ PT <=6M LATER 2PL PO LV;UN;179,72;
5000000658;PODA ARV PEQ PT <=6M REBAIX 2PR PO LV;UN;237,24;
5000000658;PODA ARV>6<12M REDE BT CENTRAL 2MC PO LV;UN;1042,4;
5000000658;PODA ARV <6M REDE BT CENTRAL 2PC PO LV;UN;359,45;
5000000658;PODA GRAM>6<12M REDE MT REBAIX 3MR PO LV;UN;122,21;
5000000658;ROCO VEGET >6<12M REDE MT ROCO PO LM;UN;6,18;
5000000658;ROCO VEGET >6<12M REDE MT ROCO PO LV;UN;7,2;
5000000658;PODA PALMEIRA>6<12M RED MT LAT 1ML PO LV;UN;143,79;
5000000658;PODA GRAMINEA >12M REDE MT LAT 3GL PO LV;UN;64,71;
5000000658;PODA PALMEIRA >12M REDE MT LAT 1GL PO LV;UN;158,16;
5000000658;PODA ARV GRANDE PT >=12M ELEV 2GE PO LV;UN;481,66;
5000000658;PODA ARV BAMBU CORTE REBAIX BAM PO LV;UN;150,97;
5000000658;TURMA PODA DISPONIBILIDADE PO LV;UN;501,66;
5000000658;ACAO PRODUTIVA CORTE BORNE MEDIDOR STC;UN;47,83;
5000000658;ACAO PRODUTIVA CORTE POSTE STC;UN;73,33;
5000000658;RET RAMAL CONC/MULTIPLEX COMERCIAL STC;UN;84,82;
5000000658;ACAO PRODUTIVA CORTE DISJ STC;UN;38,27;
5000000658;ACAO IMPRODUTIVA DE COBRANCA STC;UN;31,9;
5000000658;DESLIGAMENTO A PEDIDO DO CLIENTE STC;UN;63,77;
5000000658;ACAO PRODUT RELIGACAO BORNE MEDIDOR STC;UN;47,83;
5000000658;ACAO PRODUTIVA RELIGACAO POSTE STC;UN;73,33;
5000000658;INST RAMAL CONC/MULTIPLEX COMERCIAL STC;UN;121,18;
5000000658;ACAO PRODUTIVA CONFIRMAC PAG DEBITO STC;UN;63,77;
5000000658;REATIVACAO UC S/ INST MEDIDOR E RAMAL;UN;63,77;
5000000658;TURMA SEED MONEY 4X4 EM DISPONIBILIDADE;UN;145,09;
5000000658;HORA EM DISPONIBILIDADE COBRANÇA;UN;145,09;
5000000658;RET MEDIDOR ELETRONICO COMERCIAL STC;UN;159,92;
5000000658;INST MEDIDOR ELETRONICO COMERCIAL STC;UN;228,45;
5000000658;INST CAIXA MEDICAO/PROTECAO NO POSTE STC;UN;302,08;
5000000658;RET CAIXA MEDICAO/PROTECAO NO POSTE STC;UN;211,46;
5000000658;INST CAIXA MEDICAO C/ SIST CP PAREDE STC;UN;522,08;
5000000658;RET CAIXA MEDICAO C/ ACESSOR PAREDE STC;UN;365,44;
5000000658;INST PADRAO ENTRADA COMPLETO STC;UN;522,08;
5000000658;RET PADRAO ENTRADA COMPLETO STC;UN;391,55;
5000000658;INST PADRAO ENTRADA PARCIAL STC;UN;302,08;
5000000658;RET PADRAO ENTRADA PARCIAL STC;UN;211,46;
5000000658;LIGACAO OU MISCELANEA NAO EXECUTADA STC;UN;105,53;
5000000658;INST MEDIDOR ELETRONICO STC;UN;228,45;
5000000658;RET MEDIDOR ELETRONICO STC;UN;159,92;
5000000658;INST MEDIDOR ELETRONICO C/ FISCALIZ STC;UN;263,6;
5000000658;RET MEDIDOR ELETRONICO C/ FISCALIZ STC;UN;177,49;
5000000658;INST MEDIDOR COM TESTE INVERSOR STC;UN;254,8;
5000000658;INST RAMAL DE CONEXAO CONC/MULTIPLEX STC;UN;333,87;
5000000658;RET RAMAL DE CONEXAO CONC/MULTIPLEX STC;UN;233,71;
5000000658;INST RAMAL DE CONEXAO C/ FICALIZ STC;UN;369,02;
5000000658;RET RAMAL DE CONEXAO C/ FICALIZ STC;UN;251,29;
5000000658;SERV FISCALIZACAO INSPECAO UC STC;UN;522,08;
5000000658;HORA EM DISPONIBILIDADE LIGAÇÃO NOVA;UN;414,81;
5000000658;ATEND EMERG FALTA ENERGIA COLETIVA ALIME;UN;984,99;
5000000658;ATEND EMERG FALTA ENERGIA COLETIVA MT;UN;616,62;
5000000658;ATEND EMERG FALTA ENERGIA COLETIVA BT;UN;531,17;
5000000658;ATEND EMERG FALTA ENERGIA INDIVIDUAL;UN;260,51;
5000000658;PODA ARV MEDIO PT >6<12M LATER 2ML SRD;UN;92,91;
5000000658;ATEND EMERG INST ANALISADOR QUALIDADE;UN;238,22;
5000000658;ATEND EMERG RET ANALISADOR QUALIDADE;UN;151,3;
5000000658;ATEND EMERG NIVEL DE TENSAO;UN;243,85;
5000000658;ATEND EMERG PARA RAIOS;UN;270,81;
5000000658;ATEND EMERG INST TRAFO ATE 15KVA;UN;369,59;
5000000658;ATEND EMERG RET TRAFO ATE 15KVA;UN;221,48;
5000000658;ATEND EMERG EMERGÊNCIA IMPRODUTIVA;UN;157,1;
5000000658;ATEND EMERG MISCEL CONEXAO;UN;31,67;
5000000658;ATEND EMERG MISCEL TECNICA;UN;158,25;
5000000658;HORA TRABALHADA EM ATENDIM EMERGENCIAL;UN;228,61;
5000000658;HORA EM DISPONIB ATENDIMENTO EMERGENCIAL;UN;228,61;
5000000658;NEGOCIAR E FINANCIAR PADRAO COMPLETO LM;UN;34,31;
5000000658;AVISO ENTREGA CARTA DESLIG PROG S/ PROT;UN;5,62;
5000000658;AVISO ENTREGA CARTA DESLIG PROG C/ PROT;UN;6,58;
5000000658;NEGOCIACAO DEBITO UC INADIMPLENTE STC;UN;99,87;
5000000658;HORA EM DISPONIB EQ COMERCIAL;UN;145,09;
5000000658;INST MEDICAO FISCAL C/ LEVANT TRAFO STC;UN;2668,98;
5000000658;RET MEDICAO FISCAL TRAFO STC;UN;181,64;
5000000658;INST CANALIZAÇÃO EM TERRA <1M LM SUB;UN;178,31;
5000000658;INST CANALIZAÇÃO TERRA >1M <1,5M LM SUB;UN;294,65;
5000000658;INST CANALIZAÇÃO <1,5M, SOLO<15CM LM SUB;UN;322,39;
5000000658;INST CANALIZAÇÃO <1,5M, SOLO>15CM LM SUB;UN;485,82;
5000000658;INST CANALIZAÇÃO VALA PRÉ-EXIST LM SUB;UN;8,84;
5000000658;RESTAURAR PASSEIO LADRILHO LM SUB;UN;170,13;
5000000658;RESTAURAR PASSEIO CONCRETO 20CM LM SUB;UN;238,38;
5000000658;RESTAURAR PASSEIO GRAMA LM SUB;UN;143,1;
5000000658;RESTAURAR PASSEIO ESPEC LADRILHO LM SUB;UN;236,32;
5000000658;RESTAURAR PASSEIO CONCRETO 10CM LM SUB;UN;158,76;
5000000658;RESTAURAR PASSEIO ASFALTO LM SUB;UN;516,5;
5000000658;RESTAURAR PASS. CONC 20CM >250KG LM SUB;UN;420,94;
5000000658;RESTAURAR PASS. CONC RÁPIDO 20CM LM SUB;UN;267,67;
5000000658;CONSTRUIR CAMARA/CAIXA CONC ARMAD LM SUB;UN;779,63;
5000000658;CONSTRUIR CÂMARA/CAIXA ALVENARIA LM SUB;UN;398,71;
5000000658;ESCAVAR E/OU MOVIMENTAR TERRA LM SUB;UN;140,14;
5000000658;INSP EM OBRA CAMARA SUBTERRÂNEA LM SUB;UN;158,85;
5000000658;LIMPAR CÂMARA BT LM SUB;UN;243,56;
5000000658;RET AGUA EM CÂMARAS SUBTERRÂNEAS LM SUB;UN;365,34;
5000000658;SELAR DUTOS EM CÂMARAS LM SUB;UN;60,52;
5000000658;INST CÂMARA MT PRÉ FABRICADA LM SUB;UN;1735,7;
5000000658;ESCAVAR SOLO PARA CÂMARA/GALERIA LM SUB;UN;143,95;
5000000658;CONSTRUIR EM ALVENARIA LM SUB;UN;641,24;
5000000658;INST FUSIVEIS MT LM SUB;UN;238,26;
5000000658;RET FUSIVEIS MT LM SUB;UN;79,43;
5000000658;INST FUSIVEIS BT LM SUB;UN;158,85;
5000000658;RET FUSIVEIS BT LM SUB;UN;66,19;
5000000658;INST CHAVE FUSÍVEIS MT LM SUB;UN;3187,35;
5000000658;RET CHAVE FUSÍVEIS MT LM SUB;UN;2732,01;
5000000658;RET COND MONOPOLAR BT LM SUB;UN;0,71;
5000000658;INST COND MONOPOLAR BT LM SUB;UN;1,16;
5000000658;TESTAR CONEXÃO CABO BT OU MT LM SUB;UN;304,45;
5000000658;INST BARRAMENTO LM SUB;UN;302,91;
5000000658;RET BARRAMENTO LM SUB;UN;181,75;
5000000658;INSP CAMARA SUBTERRÂNEA LM SUB;UN;529,46;
5000000658;INST MUFLA CONDUTOR LM SUB;UN;1514,62;
5000000658;RET MUFLA CONDUTOR LM SUB;UN;1215,4;
5000000658;INST CONECTOR EM CONDUTOR LM SUB;UN;347,85;
5000000658;RET CONECTOR EM CONDUTOR LM SUB;UN;284,79;
5000000658;INST EMENDA COND BT LM SUB;UN;198,55;
5000000658;INST EMENDA DERIVAÇÃO BT LM SUB;UN;489,75;
5000000658;INST EMENDA COND ISOL MT LM SUB;UN;728;
5000000658;INST EMENDA DERIVAÇÃO ISOL MT LM SUB;UN;1235,4;
5000000658;INST SECCIONADOR MT LM SUB;UN;1254,07;
5000000658;RET SECCIONADOR MT LM SUB;UN;408,94;
5000000658;INST CHAVE FUSÍVEIS BT LM SUB;UN;798,19;
5000000658;RET CHAVE FUSÍVEIS BT LM SUB;UN;667,92;
5000000658;INST CHAVE FACA LM SUB;UN;2922,61;
5000000658;RET CHAVE FACA LM SUB;UN;2467,28;
5000000658;INST PLACA IDENTF COMPONENTE LM SUB;UN;397,09;
5000000658;OPERAR CHAVE LM SUB;UN;146,13;
5000000658;OPERAR UNIDADE DESCONECTÁVEL LM SUB;UN;1095,99;
5000000658;ACAO PRODUTIVA CORTE LM SUB;UN;158,31;
5000000658;ACAO PRODUTIVA RELIGACAO LM SUB;UN;238,26;
5000000658;ENTREGAR CARTA DESLIG PROG S/ PROT SUB;UN;0,71;
5000000658;ENTREGAR CARTA DESLIG PROG C/ PROT SUB;UN;2,08;
5000000658;INST PORTA CENTRO TRANSF. LM SUB;UN;3906,08;
5000000658;RET PORTA CENTRO TRANSF. LM SUB;UN;1302,3;
5000000658;INST DISJ 3F BT LM SUB;UN;2066,21;
5000000658;RET DISJ 3F BT LM SUB;UN;1244,71;
5000000658;INST 1HASTE ADICIONAL ATERRAMENTO LM SUB;UN;411,87;
5000000658;INST ATERRAMENTO COMPL 1HASTE LM SUB;UN;823,89;
5000000658;INST ATERRAMENTO COMPL 5-8HASTE LM SUB;UN;2801,26;
5000000658;INST TRAFO DT SUBTERRÂNEO 3F LM SUB;UN;1849,3;
5000000658;RET TRAFO DT SUBTERRÂNEO 3F LM SUB;UN;1571,91;
5000000658;INSP CENTRO DE TRANSFORMAÇÃO LM SUB;UN;476,51;
5000000658;REVISAR CENTRO TRANSFORMAÇÃO LM SUB;UN;3605,63;
5000000658;ALTERAR TAP TRAFO LM SUB;UN;1456,01;
5000000658;OPERAR CABINE MT LM SUB;UN;370,63;
5000000658;HORA DISPONIBILIDADE TURMA SUBTERRANEO;UN;1108,38;
5000000658;REALIZAR TESTE HI-POT EM COND LM SUB;UN;397,09;
5000000658;REALIZAR TESTE RESISTIVIDADE COND LM SUB;UN;317,67;
5000000658;INST COND ISOL MT <= 50MM² LM SUB;UN;7,98;
5000000658;RET COND ISOL MT <= 50MM² LM SUB;UN;4,8;
5000000658;INST COND ISOL MT > 50MM² LM SUB;UN;10,67;
5000000658;RET COND ISOL MT > 50MM² LM SUB;UN;6,39;
5000000658;SERV NORMALIZACAO ESTRUTURACAO EQ LEVE;UN;281,38;
5000000658;TURMA LM 2H LEVE ATEND EMERGENCIAL HE25%;UN;396,33;
5000000658;TURMA LM 2H CEST ATEND EMERGENCIAL HE25%;UN;457,16;
5000000658;TURMA LM 5H CAM ATEND EMERGENCIAL HE25%;UN;1385,29;
5000000658;TURMA LM 2H CESTO ATEND EMERGENCIAL;UN;365,67;
5000000658;TURMA LM 5H CAM ATEND EMERGENCIAL;UN;1108,23;
5000000658;EXEC FISCALIZ INSPECAO DE OBRA STC;UN;4960,66;
5000000658;INST/RET POSTE TELESCOPICO EMERG LM;UN;299,88;
5000000658;INST ESTR CP RELIG DIST 1F BASE C 2F LV;UN;2367,88;
5000000658;RET ESTR CP RELIG DIST 1F BASE C 2F LV;UN;2116,95;
5000000658;INST ESTR CP RELIG DIST 1F BASE C 2F LM;UN;901,58;
5000000658;RET ESTR CP RELIG DIST 1F BASE C 2F LM;UN;702,05;
5000000658;ACAO PRODUT CORTE BORNE MEDIDOR STC MOTO;UN;37,29;
5000000658;INST MEDIDOR ELETRON COMERCIAL STC MOTO;UN;64,66;
5000000658;RET MEDIDOR ELETRON COMERCIAL STC MOTO;UN;45,26;
5000000658;ACAO PRODUTIVA CORTE DISJ STC MOTO 1P;UN;14,92;
5000000658;ACAO PRODUT CORTE DISJ STC MOTO 2P;UN;29,85;
5000000658;ACAO IMPRODUT DE COBRANCA STC MOTO;UN;24,87;
5000000658;DESLIGAMENT A PEDIDO DO CLIENTE STC MOTO;UN;37,29;
5000000658;ACAO PRODUT RELIGAC BORNE MEDID STC MOTO;UN;14,92;
5000000658;ACAO PRODUT RELIGACAO DISJ STC MOTO 1P;UN;14,92;
5000000658;ACAO PRODUT RELIGACAO DISJ STC MOTO 2P;UN;29,85;
5000000658;ACAO PRODUT CONFIRM PAG DEBITO STC MOTO;UN;49,74;
5000000658;REATIVACAO UC S/ INST MEDIDOR STC MOTO;UN;49,74;
5000000658;RET COND NU ALUMINIO <= 1/0 LM;UN;4,11;
5000000658;INST COND 4PLEX BT 3X10(10)-3X120(70) LM;UN;29,12;
5000000658;INST RAMAL DE CONEXAO CONC/MULTIPLEX LM;UN;172,66;
5000000658;RET RAMAL DE CONEXAO CONC/MULTIPLEX LM;UN;120,86;
5000000658;INST CONEXAO RAMAL DE CONEXAO LM;UN;26,22;
5000000658;RET CONEXAO RAMAL DE CONEXAO LM;UN;19,62;
5000000658;INST ESPACADOR/AFASTADOR REDE PRI/SEC LM;UN;104,42;
5000000658;ATEND EMERG PODA DE ARVORE;UN;249,81;
5000000658;FISCALIZACAO DE OBRA LM;UN;1507,43;
5000000658;PROJETO ASBUILT LM;UN;1507,43;
5000000658;COMISSIONAMENTO DE OBRA LM;UN;1507,43;
5000000658;ENCERRAMENTO TECNICO DA OBRA LM;UN;1507,43;
5000000658;TURMA LM ATE 36,2KV 2H LEVE EM DISP;UN;317,07;
5000000658;TURMA LM ATE 36,2KV 2H CESTO EM DISP;UN;317,07;
5000000658;TURMA LM ATE 36,2KV 5H CAM EM DISP;UN;1108,38;
5000000658;TURMA LM 2H LEVE ATEND EMERGENCIAL;UN;317,07;
5000000658;TURMA MANUT EQUIPAMENT ATEND EMERG HE25%;UN;0;
5000000658;TURMA QUALIDADE EM DISP;UN;145,09;
5000000658;TURMA SEED MONEY LEVE EM DISPONIBILIDADE;UN;145,09;
5000000658;RET ESTR CP BCO REGULADOR POSTE LV;UN;2096,14;
5000000658;INST ESTR PRI 1F SUSP/PAS SP S/CRUZ LV;UN;324,2;
5000000658;TURMA LV 3H CAM ATEND EMERGENCIAL;UN;617,92;
5000000658;TURMA LV 4H CAM ATEND EMERGENCIAL;UN;774,58;
5000000658;TURMA LV 3H CAM ATEND EMERGENCIAL HE25%;UN;772,4;
5000000658;TURMA LV 4H CAM ATEND EMERGENCIAL HE25%;UN;968,21;
5000000658;ACAO PRODUTIVA RELIGACAO DISJ STC;UN;38,27;
5000000658;INST PADRAO ENTRADA COMPLETO NORM STC;UN;158,69;
5000000658;INST PADRAO ENTRADA PARCIAL NORM STC;UN;91,82;
5000000658;INST MEDIDOR ELETRONICO C INSP NORM STC;UN;286,3;
5000000658;RET MEDIDOR ELETRONICO C INSP NORM STC;UN;48,6;
5000000658;INST RAMAL CONEX CONC/MULT INSP NORM STC;UN;101,5;
5000000658;RET RAMAL CONEX CONC/MULT INSP NORM STC;UN;71,04;
5000000658;SERV EXTERNALIZACAO PADRAO NORM STC;UN;158,69;
5000000658;INST CAIXA MEDICAO BLINDAGEM NORM STC;UN;158,69;
5000000658;INST MODULO NIC UC TELEMED;UN;41,43;
5000000658;RET MODULO NIC UC TELEMED;UN;37,26;
5000000658;INST ATERRAMENTO COMPL 16HASTES LM;UN;1368,88;
5000000658;INST ATERRAMENTO COMPL 36HASTES LM;UN;2463,99;
5000000658;INST ATERRAMENTO COMPL 25HASTES LM;UN;2053,33;
5000000658;TURMA MANUT EQUIPAMENTO DISP;UN;431,1;
5000000658;TURMA MANUT EQUIPAMENTO ATEND EMERGENC;UN;538,88;
